keyword,caption_name,location_lower,entity_type,ENTITY_LABEL,name,description,source,source_identifier,global_identifier
Afghanistan,afghanistan,afghanistan,Country,Country,afghanistan,,dgm_traveladvisories_country_us,a8424b7baae263918301406bdc884e28,dgm_traveladvisories_country_us__a8424b7baae263918301406bdc884e28
Albania,albania,albania,Country,Country,albania,,dgm_traveladvisories_country_us,3303daf806aebcd0cfd114f7d267f109,dgm_traveladvisories_country_us__3303daf806aebcd0cfd114f7d267f109
Algeria,algeria,algeria,Country,Country,algeria,,dgm_traveladvisories_country_us,49f4fdc64da08e0cbac132fa06062d2d,dgm_traveladvisories_country_us__49f4fdc64da08e0cbac132fa06062d2d
Andorra,andorra,andorra,Country,Country,andorra,,dgm_traveladvisories_country_us,449f508e9fad3b1bd4debc02f0d2194b,dgm_traveladvisories_country_us__449f508e9fad3b1bd4debc02f0d2194b
Angola,angola,angola,Country,Country,angola,,dgm_traveladvisories_country_us,e5e0bd43b7f1a35aaf645f597de2ed08,dgm_traveladvisories_country_us__e5e0bd43b7f1a35aaf645f597de2ed08
Antigua and Barbuda,antigua and barbuda,antigua and barbuda,Country,Country,antigua and barbuda,,dgm_traveladvisories_country_us,b347fe1fd6b405d4944de73b9c5a39ca,dgm_traveladvisories_country_us__b347fe1fd6b405d4944de73b9c5a39ca
Argentina,argentina,argentina,Country,Country,argentina,,dgm_traveladvisories_country_us,2a52adc7b1da6a4e0a7a14e4c8db1b11,dgm_traveladvisories_country_us__2a52adc7b1da6a4e0a7a14e4c8db1b11
Armenia,armenia,armenia,Country,Country,armenia,,dgm_traveladvisories_country_us,3744c623dc4219b00a900ee527c16387,dgm_traveladvisories_country_us__3744c623dc4219b00a900ee527c16387
Australia,australia,australia,Country,Country,australia,,dgm_traveladvisories_country_us,fb2a54d637484c4ca8adb2343237b89f,dgm_traveladvisories_country_us__fb2a54d637484c4ca8adb2343237b89f
Austria,austria,austria,Country,Country,austria,,dgm_traveladvisories_country_us,6cd0c266688a7a579874167d67c74a66,dgm_traveladvisories_country_us__6cd0c266688a7a579874167d67c74a66
Azerbaijan,azerbaijan,azerbaijan,Country,Country,azerbaijan,,dgm_traveladvisories_country_us,620a71f90d5dbf8c9a80939d2cbc1eba,dgm_traveladvisories_country_us__620a71f90d5dbf8c9a80939d2cbc1eba
Bahamas,bahamas,bahamas,Country,Country,bahamas,,dgm_traveladvisories_country_us,19f9730000abcc9fe49e6e9051d109bc,dgm_traveladvisories_country_us__19f9730000abcc9fe49e6e9051d109bc
Bahrain,bahrain,bahrain,Country,Country,bahrain,,dgm_traveladvisories_country_us,97b78c7af698a19f89c414f8ede0ddd9,dgm_traveladvisories_country_us__97b78c7af698a19f89c414f8ede0ddd9
Bangladesh,bangladesh,bangladesh,Country,Country,bangladesh,,dgm_traveladvisories_country_us,b47bc9c3971a24ddbbfd211d7b692227,dgm_traveladvisories_country_us__b47bc9c3971a24ddbbfd211d7b692227
Barbados,barbados,barbados,Country,Country,barbados,,dgm_traveladvisories_country_us,8c7c9b1149e9de712b9e5abab45d700c,dgm_traveladvisories_country_us__8c7c9b1149e9de712b9e5abab45d700c
Belarus,belarus,belarus,Country,Country,belarus,,dgm_traveladvisories_country_us,f9bcd904ecd531c125ab9b42b5be3f35,dgm_traveladvisories_country_us__f9bcd904ecd531c125ab9b42b5be3f35
Belau,belau,belau,Country,Country,belau,,dgm_traveladvisories_country_us,630e5822f3935228c7b9a20876ef5c5a,dgm_traveladvisories_country_us__630e5822f3935228c7b9a20876ef5c5a
Belgium,belgium,belgium,Country,Country,belgium,,dgm_traveladvisories_country_us,73fa01094ea6c89f1f8efbeb57037499,dgm_traveladvisories_country_us__73fa01094ea6c89f1f8efbeb57037499
Belize,belize,belize,Country,Country,belize,,dgm_traveladvisories_country_us,48f621bb94135383a66d54914f195bfd,dgm_traveladvisories_country_us__48f621bb94135383a66d54914f195bfd
Benin,benin,benin,Country,Country,benin,,dgm_traveladvisories_country_us,9f1bf009168d01c56794edf2d1a94f83,dgm_traveladvisories_country_us__9f1bf009168d01c56794edf2d1a94f83
Bhutan,bhutan,bhutan,Country,Country,bhutan,,dgm_traveladvisories_country_us,6a748bb76e4fe708a3e321c77ed0d30c,dgm_traveladvisories_country_us__6a748bb76e4fe708a3e321c77ed0d30c
Bolivia,bolivia,bolivia,Country,Country,bolivia,,dgm_traveladvisories_country_us,76781be1c79df46b096f0cfb71f2bf82,dgm_traveladvisories_country_us__76781be1c79df46b096f0cfb71f2bf82
Bosnia,bosnia,bosnia,Country,Country,bosnia,,dgm_traveladvisories_country_us,1066e7ebc8eed98d3f77484d0ab2cbc6,dgm_traveladvisories_country_us__1066e7ebc8eed98d3f77484d0ab2cbc6
Botswana,botswana,botswana,Country,Country,botswana,,dgm_traveladvisories_country_us,1c182d43cd8d37caf9ed0c3597fc83d9,dgm_traveladvisories_country_us__1c182d43cd8d37caf9ed0c3597fc83d9
Brazil,brazil,brazil,Country,Country,brazil,,dgm_traveladvisories_country_us,6e5fa4d9c48ca921c0a2ce1e64c9ae6f,dgm_traveladvisories_country_us__6e5fa4d9c48ca921c0a2ce1e64c9ae6f
Brunei,brunei,brunei,Country,Country,brunei,,dgm_traveladvisories_country_us,0be0d89a7660a0f90bc223b97924a527,dgm_traveladvisories_country_us__0be0d89a7660a0f90bc223b97924a527
Bulgaria,bulgaria,bulgaria,Country,Country,bulgaria,,dgm_traveladvisories_country_us,db5f144303047ccd07e8f149da182bc8,dgm_traveladvisories_country_us__db5f144303047ccd07e8f149da182bc8
Burkina-Faso,burkina-faso,burkina-faso,Country,Country,burkina-faso,,dgm_traveladvisories_country_us,8b035b3ec06309c20e155772f313f5f1,dgm_traveladvisories_country_us__8b035b3ec06309c20e155772f313f5f1
Burma,burma,burma,Country,Country,burma,,dgm_traveladvisories_country_us,bdedfda002cebb7903b2329f4c7f2ef9,dgm_traveladvisories_country_us__bdedfda002cebb7903b2329f4c7f2ef9
Burundi,burundi,burundi,Country,Country,burundi,,dgm_traveladvisories_country_us,385433f6872fe8a9fb0c31b358994e8b,dgm_traveladvisories_country_us__385433f6872fe8a9fb0c31b358994e8b
Cambodia,cambodia,cambodia,Country,Country,cambodia,,dgm_traveladvisories_country_us,7bf23feba70a30ed762096c1570bc416,dgm_traveladvisories_country_us__7bf23feba70a30ed762096c1570bc416
Cameroon,cameroon,cameroon,Country,Country,cameroon,,dgm_traveladvisories_country_us,9621cbb93d1b8d7e12682d1237c6d8d4,dgm_traveladvisories_country_us__9621cbb93d1b8d7e12682d1237c6d8d4
Canada (learn the provinces),canada (learn the provinces),canada (learn the provinces),Country,Country,canada (learn the provinces),,dgm_traveladvisories_country_us,4e7b8190f168a897b7e3c0a499c83658,dgm_traveladvisories_country_us__4e7b8190f168a897b7e3c0a499c83658
Cape Verde Island,cape verde island,cape verde island,Country,Country,cape verde island,,dgm_traveladvisories_country_us,4c8c628adbd599c43e5b377a6c563b3f,dgm_traveladvisories_country_us__4c8c628adbd599c43e5b377a6c563b3f
Central African Republic,central african republic,central african republic,Country,Country,central african republic,,dgm_traveladvisories_country_us,107bc51f0f59d738ab819811b10f6db5,dgm_traveladvisories_country_us__107bc51f0f59d738ab819811b10f6db5
Chad,chad,chad,Country,Country,chad,,dgm_traveladvisories_country_us,ede79b3fbf673a9a8e9bf3db02aeb7b2,dgm_traveladvisories_country_us__ede79b3fbf673a9a8e9bf3db02aeb7b2
Chile,chile,chile,Country,Country,chile,,dgm_traveladvisories_country_us,fd317045cbdcd26054de08112d6031b4,dgm_traveladvisories_country_us__fd317045cbdcd26054de08112d6031b4
China,china,china,Country,Country,china,,dgm_traveladvisories_country_us,8a7d7ba288ca0f0ea1ecf975b026e8e1,dgm_traveladvisories_country_us__8a7d7ba288ca0f0ea1ecf975b026e8e1
Colombia,colombia,colombia,Country,Country,colombia,,dgm_traveladvisories_country_us,25446782e2ccaf0afdb03e5d61d0fbb9,dgm_traveladvisories_country_us__25446782e2ccaf0afdb03e5d61d0fbb9
Comoro Islands,comoro islands,comoro islands,Country,Country,comoro islands,,dgm_traveladvisories_country_us,b4f0bcae812b8260f0c83628bfe4a41b,dgm_traveladvisories_country_us__b4f0bcae812b8260f0c83628bfe4a41b
Congo,congo,congo,Country,Country,congo,,dgm_traveladvisories_country_us,443fd8c93d17446bad49472af0e22dc3,dgm_traveladvisories_country_us__443fd8c93d17446bad49472af0e22dc3
Cook Islands,cook islands,cook islands,Country,Country,cook islands,,dgm_traveladvisories_country_us,a0ae0dd4316c2dbf9eaf976006215ef6,dgm_traveladvisories_country_us__a0ae0dd4316c2dbf9eaf976006215ef6
Costa Rica,costa rica,costa rica,Country,Country,costa rica,,dgm_traveladvisories_country_us,53bcde0ca0597e6777543b9ebf7892a4,dgm_traveladvisories_country_us__53bcde0ca0597e6777543b9ebf7892a4
Côte d'Ivoire,côte d'ivoire,côte d'ivoire,Country,Country,côte d'ivoire,,dgm_traveladvisories_country_us,3e57b42e5e33abb7831eb0164978cd67,dgm_traveladvisories_country_us__3e57b42e5e33abb7831eb0164978cd67
Croatia,croatia,croatia,Country,Country,croatia,,dgm_traveladvisories_country_us,267640588a3983481a032894a50f0be6,dgm_traveladvisories_country_us__267640588a3983481a032894a50f0be6
Cuba,cuba,cuba,Country,Country,cuba,,dgm_traveladvisories_country_us,2b84cd5da64a828bd859b18535c9345e,dgm_traveladvisories_country_us__2b84cd5da64a828bd859b18535c9345e
Cyprus,cyprus,cyprus,Country,Country,cyprus,,dgm_traveladvisories_country_us,6d68c7cfe5d1825d6622f3c824f8db8b,dgm_traveladvisories_country_us__6d68c7cfe5d1825d6622f3c824f8db8b
Czech Republic,czech republic,czech republic,Country,Country,czech republic,,dgm_traveladvisories_country_us,066e70e862f6b3e24f4fd2c294578634,dgm_traveladvisories_country_us__066e70e862f6b3e24f4fd2c294578634
Denmark,denmark,denmark,Country,Country,denmark,,dgm_traveladvisories_country_us,e9375700acbb6b42ae4101daa00b0c20,dgm_traveladvisories_country_us__e9375700acbb6b42ae4101daa00b0c20
Djibouti,djibouti,djibouti,Country,Country,djibouti,,dgm_traveladvisories_country_us,a2b10e1941066f4a25a0f3e1f853987e,dgm_traveladvisories_country_us__a2b10e1941066f4a25a0f3e1f853987e
Dominica,dominica,dominica,Country,Country,dominica,,dgm_traveladvisories_country_us,54f20902e0d16abe7c7bbcb99c40bf13,dgm_traveladvisories_country_us__54f20902e0d16abe7c7bbcb99c40bf13
Dominican Republic,dominican republic,dominican republic,Country,Country,dominican republic,,dgm_traveladvisories_country_us,dff1ff528e0e08ff28b410c426fb89bb,dgm_traveladvisories_country_us__dff1ff528e0e08ff28b410c426fb89bb
Ecuador,ecuador,ecuador,Country,Country,ecuador,,dgm_traveladvisories_country_us,2b4a1835a0aa73f5d53650771710fe43,dgm_traveladvisories_country_us__2b4a1835a0aa73f5d53650771710fe43
Egypt,egypt,egypt,Country,Country,egypt,,dgm_traveladvisories_country_us,4635c9536a61159732f9ce991ec4c095,dgm_traveladvisories_country_us__4635c9536a61159732f9ce991ec4c095
El Salvador,el salvador,el salvador,Country,Country,el salvador,,dgm_traveladvisories_country_us,eedf141a7e7b1cf0217932f3f75b8cb7,dgm_traveladvisories_country_us__eedf141a7e7b1cf0217932f3f75b8cb7
England,england,england,Country,Country,england,,dgm_traveladvisories_country_us,f48861ca24e26a23a923ca68657079f4,dgm_traveladvisories_country_us__f48861ca24e26a23a923ca68657079f4
Equatorial Guinea,equatorial guinea,equatorial guinea,Country,Country,equatorial guinea,,dgm_traveladvisories_country_us,89179fe8f36d91eb969a4494b58e0362,dgm_traveladvisories_country_us__89179fe8f36d91eb969a4494b58e0362
Eritrea,eritrea,eritrea,Country,Country,eritrea,,dgm_traveladvisories_country_us,41b59746d0ffb893c7b2a39cf59b6b07,dgm_traveladvisories_country_us__41b59746d0ffb893c7b2a39cf59b6b07
Estonia,estonia,estonia,Country,Country,estonia,,dgm_traveladvisories_country_us,5c6298b2e7597403c74346118933734c,dgm_traveladvisories_country_us__5c6298b2e7597403c74346118933734c
Ethiopia,ethiopia,ethiopia,Country,Country,ethiopia,,dgm_traveladvisories_country_us,a2694bc1f355e2b5e6c7ab74c1bd998e,dgm_traveladvisories_country_us__a2694bc1f355e2b5e6c7ab74c1bd998e
Fiji,fiji,fiji,Country,Country,fiji,,dgm_traveladvisories_country_us,67ef4f44837d2f3fa5aef528f8a27e17,dgm_traveladvisories_country_us__67ef4f44837d2f3fa5aef528f8a27e17
Finland,finland,finland,Country,Country,finland,,dgm_traveladvisories_country_us,631d44eaa1254ff71a1e11ba021d1266,dgm_traveladvisories_country_us__631d44eaa1254ff71a1e11ba021d1266
France (learn the regions),france (learn the regions),france (learn the regions),Country,Country,france (learn the regions),,dgm_traveladvisories_country_us,2b45ded05018b5c1b505f77a26cbb8be,dgm_traveladvisories_country_us__2b45ded05018b5c1b505f77a26cbb8be
French Polynesia,french polynesia,french polynesia,Country,Country,french polynesia,,dgm_traveladvisories_country_us,c6ff5b069f15245b5be347a276409cd2,dgm_traveladvisories_country_us__c6ff5b069f15245b5be347a276409cd2
Gabon,gabon,gabon,Country,Country,gabon,,dgm_traveladvisories_country_us,ee2144db632a80bb43dda38521c615e4,dgm_traveladvisories_country_us__ee2144db632a80bb43dda38521c615e4
Gambia,gambia,gambia,Country,Country,gambia,,dgm_traveladvisories_country_us,264ce69a65a7fc125fd53bee2c19140f,dgm_traveladvisories_country_us__264ce69a65a7fc125fd53bee2c19140f
Georgia,georgia,georgia,Country,Country,georgia,,dgm_traveladvisories_country_us,c0cdd82ce092b01267bdd88a8bfbb1f4,dgm_traveladvisories_country_us__c0cdd82ce092b01267bdd88a8bfbb1f4
Germany,germany,germany,Country,Country,germany,,dgm_traveladvisories_country_us,28ef36b35ae8cb1f542578f03408b512,dgm_traveladvisories_country_us__28ef36b35ae8cb1f542578f03408b512
Ghana,ghana,ghana,Country,Country,ghana,,dgm_traveladvisories_country_us,0e6049dbb2ce3c238f721fcc472dae55,dgm_traveladvisories_country_us__0e6049dbb2ce3c238f721fcc472dae55
Greece,greece,greece,Country,Country,greece,,dgm_traveladvisories_country_us,40bdb06018487838c520ab7419d2accf,dgm_traveladvisories_country_us__40bdb06018487838c520ab7419d2accf
Grenada,grenada,grenada,Country,Country,grenada,,dgm_traveladvisories_country_us,6aca8efbb22e6444d625fb610cdf706a,dgm_traveladvisories_country_us__6aca8efbb22e6444d625fb610cdf706a
Guatemala,guatemala,guatemala,Country,Country,guatemala,,dgm_traveladvisories_country_us,ac785d6fd8e6a6820365d4de2703b389,dgm_traveladvisories_country_us__ac785d6fd8e6a6820365d4de2703b389
Guinea,guinea,guinea,Country,Country,guinea,,dgm_traveladvisories_country_us,3da0d1211a75cc3ab6a98fe3c439636f,dgm_traveladvisories_country_us__3da0d1211a75cc3ab6a98fe3c439636f
Guinea Bissau,guinea bissau,guinea bissau,Country,Country,guinea bissau,,dgm_traveladvisories_country_us,1a6c0640140c043d229ba99786011f27,dgm_traveladvisories_country_us__1a6c0640140c043d229ba99786011f27
Guyana,guyana,guyana,Country,Country,guyana,,dgm_traveladvisories_country_us,fa2a885d6836e849fdead62ea7819169,dgm_traveladvisories_country_us__fa2a885d6836e849fdead62ea7819169
Haiti,haiti,haiti,Country,Country,haiti,,dgm_traveladvisories_country_us,87b190830af9de5d8c880be5fa6c5743,dgm_traveladvisories_country_us__87b190830af9de5d8c880be5fa6c5743
Honduras,honduras,honduras,Country,Country,honduras,,dgm_traveladvisories_country_us,1e28fe23fb146a883e01981724113f33,dgm_traveladvisories_country_us__1e28fe23fb146a883e01981724113f33
Hungary,hungary,hungary,Country,Country,hungary,,dgm_traveladvisories_country_us,3b4bbcb747288e1e6ede89221191781d,dgm_traveladvisories_country_us__3b4bbcb747288e1e6ede89221191781d
Iceland,iceland,iceland,Country,Country,iceland,,dgm_traveladvisories_country_us,83166cdeb7a2d9c1d591ad9d4eff4204,dgm_traveladvisories_country_us__83166cdeb7a2d9c1d591ad9d4eff4204
India,india,india,Country,Country,india,,dgm_traveladvisories_country_us,11a98374ebec8e0c7a54751d2161804d,dgm_traveladvisories_country_us__11a98374ebec8e0c7a54751d2161804d
Indonesia,indonesia,indonesia,Country,Country,indonesia,,dgm_traveladvisories_country_us,cda2c99fbf5e19f20d331299c15a4491,dgm_traveladvisories_country_us__cda2c99fbf5e19f20d331299c15a4491
Iran,iran,iran,Country,Country,iran,,dgm_traveladvisories_country_us,6f0a7d56c2cd7a0861b17eb27bfb562b,dgm_traveladvisories_country_us__6f0a7d56c2cd7a0861b17eb27bfb562b
Iraq,iraq,iraq,Country,Country,iraq,,dgm_traveladvisories_country_us,d3b1cee2327cfa357dabf0289958c024,dgm_traveladvisories_country_us__d3b1cee2327cfa357dabf0289958c024
Ireland,ireland,ireland,Country,Country,ireland,,dgm_traveladvisories_country_us,a66f852274a441f4f9676b070c0c64db,dgm_traveladvisories_country_us__a66f852274a441f4f9676b070c0c64db
Israel,israel,israel,Country,Country,israel,,dgm_traveladvisories_country_us,3f8454b7f2c12cebb1622b6b0dfd1021,dgm_traveladvisories_country_us__3f8454b7f2c12cebb1622b6b0dfd1021
Italy,italy,italy,Country,Country,italy,,dgm_traveladvisories_country_us,bab4ac375adad13f5693f24fceab7903,dgm_traveladvisories_country_us__bab4ac375adad13f5693f24fceab7903
Jamaica,jamaica,jamaica,Country,Country,jamaica,,dgm_traveladvisories_country_us,770105b98be2fdd6a6f096d29ca5632c,dgm_traveladvisories_country_us__770105b98be2fdd6a6f096d29ca5632c
Japan,japan,japan,Country,Country,japan,,dgm_traveladvisories_country_us,578ed5a4eecf5a15803abdc49f6152d6,dgm_traveladvisories_country_us__578ed5a4eecf5a15803abdc49f6152d6
Jordan,jordan,jordan,Country,Country,jordan,,dgm_traveladvisories_country_us,d16d377af76c99d27093abc22244b342,dgm_traveladvisories_country_us__d16d377af76c99d27093abc22244b342
Kazakhstan,kazakhstan,kazakhstan,Country,Country,kazakhstan,,dgm_traveladvisories_country_us,e22cc0a14faacf60ca06cebdc972caa5,dgm_traveladvisories_country_us__e22cc0a14faacf60ca06cebdc972caa5
Kenya,kenya,kenya,Country,Country,kenya,,dgm_traveladvisories_country_us,577e905f157abece95f454ad0b3058cf,dgm_traveladvisories_country_us__577e905f157abece95f454ad0b3058cf
Kiribati,kiribati,kiribati,Country,Country,kiribati,,dgm_traveladvisories_country_us,23fc580f98534d8012a20e14bd6eada0,dgm_traveladvisories_country_us__23fc580f98534d8012a20e14bd6eada0
Kuwait,kuwait,kuwait,Country,Country,kuwait,,dgm_traveladvisories_country_us,b18fa0d42ad9b3706237ef5b02434829,dgm_traveladvisories_country_us__b18fa0d42ad9b3706237ef5b02434829
Kyrgyzstan,kyrgyzstan,kyrgyzstan,Country,Country,kyrgyzstan,,dgm_traveladvisories_country_us,ae7d95378501e0f23dbbfd3434eb4720,dgm_traveladvisories_country_us__ae7d95378501e0f23dbbfd3434eb4720
Laos,laos,laos,Country,Country,laos,,dgm_traveladvisories_country_us,5495a2f9ee0ac16f7ee35878f502eefb,dgm_traveladvisories_country_us__5495a2f9ee0ac16f7ee35878f502eefb
Latvia,latvia,latvia,Country,Country,latvia,,dgm_traveladvisories_country_us,fdd7dad88f90fdc707b1b1aae34d9542,dgm_traveladvisories_country_us__fdd7dad88f90fdc707b1b1aae34d9542
Lebanon,lebanon,lebanon,Country,Country,lebanon,,dgm_traveladvisories_country_us,94e5a243ffca78a7583778ec2027c69b,dgm_traveladvisories_country_us__94e5a243ffca78a7583778ec2027c69b
Lesotho,lesotho,lesotho,Country,Country,lesotho,,dgm_traveladvisories_country_us,34c9c5ead9a4ad44797165d31620be4a,dgm_traveladvisories_country_us__34c9c5ead9a4ad44797165d31620be4a
Liberia,liberia,liberia,Country,Country,liberia,,dgm_traveladvisories_country_us,2f738a6c521838ed07e6ed03b1a58648,dgm_traveladvisories_country_us__2f738a6c521838ed07e6ed03b1a58648
Libya,libya,libya,Country,Country,libya,,dgm_traveladvisories_country_us,13551ec36474766c9f6beb2a568bfeee,dgm_traveladvisories_country_us__13551ec36474766c9f6beb2a568bfeee
Liechtenstein,liechtenstein,liechtenstein,Country,Country,liechtenstein,,dgm_traveladvisories_country_us,5abfef79f0201629ea491351dfe984b1,dgm_traveladvisories_country_us__5abfef79f0201629ea491351dfe984b1
Lithuania,lithuania,lithuania,Country,Country,lithuania,,dgm_traveladvisories_country_us,93efe964422847bf774649a3c89daa6d,dgm_traveladvisories_country_us__93efe964422847bf774649a3c89daa6d
Luxembourg,luxembourg,luxembourg,Country,Country,luxembourg,,dgm_traveladvisories_country_us,068b83b0839d8cff627bd91fdc8059fb,dgm_traveladvisories_country_us__068b83b0839d8cff627bd91fdc8059fb
Macedonia,macedonia,macedonia,Country,Country,macedonia,,dgm_traveladvisories_country_us,9dd0b70d54ce696d58d972d31ff0dfa8,dgm_traveladvisories_country_us__9dd0b70d54ce696d58d972d31ff0dfa8
Madagascar,madagascar,madagascar,Country,Country,madagascar,,dgm_traveladvisories_country_us,756c455b0a8843bac42ebb608bd29ed2,dgm_traveladvisories_country_us__756c455b0a8843bac42ebb608bd29ed2
Malawi,malawi,malawi,Country,Country,malawi,,dgm_traveladvisories_country_us,e8c30390bee469047b22988d8557ab20,dgm_traveladvisories_country_us__e8c30390bee469047b22988d8557ab20
Malaysia,malaysia,malaysia,Country,Country,malaysia,,dgm_traveladvisories_country_us,482afeb462daaebce1b4681e1f06b3c7,dgm_traveladvisories_country_us__482afeb462daaebce1b4681e1f06b3c7
Maldives,maldives,maldives,Country,Country,maldives,,dgm_traveladvisories_country_us,ebc234df81245f7bff973231d9393981,dgm_traveladvisories_country_us__ebc234df81245f7bff973231d9393981
Mali,mali,mali,Country,Country,mali,,dgm_traveladvisories_country_us,d372d4727d7feea47b8c92f8a137c05d,dgm_traveladvisories_country_us__d372d4727d7feea47b8c92f8a137c05d
Malta,malta,malta,Country,Country,malta,,dgm_traveladvisories_country_us,d20a90675f790ef1dea45b40eb8a97b7,dgm_traveladvisories_country_us__d20a90675f790ef1dea45b40eb8a97b7
Marshall Islands,marshall islands,marshall islands,Country,Country,marshall islands,,dgm_traveladvisories_country_us,cb8c8339c06dc088845da10f7147de74,dgm_traveladvisories_country_us__cb8c8339c06dc088845da10f7147de74
Mauritania,mauritania,mauritania,Country,Country,mauritania,,dgm_traveladvisories_country_us,a4969288f9dbc7882a464aca3fe27c40,dgm_traveladvisories_country_us__a4969288f9dbc7882a464aca3fe27c40
Mauritius,mauritius,mauritius,Country,Country,mauritius,,dgm_traveladvisories_country_us,5267f9a349e65086b209248732631478,dgm_traveladvisories_country_us__5267f9a349e65086b209248732631478
Mexico,mexico,mexico,Country,Country,mexico,,dgm_traveladvisories_country_us,4edfc924721abb774d5447bade86ea5d,dgm_traveladvisories_country_us__4edfc924721abb774d5447bade86ea5d
Micronesia,micronesia,micronesia,Country,Country,micronesia,,dgm_traveladvisories_country_us,16fe35ae3661e12db16ebb84a314c719,dgm_traveladvisories_country_us__16fe35ae3661e12db16ebb84a314c719
Moldavia,moldavia,moldavia,Country,Country,moldavia,,dgm_traveladvisories_country_us,ca4e5e426394cd9bb307477726fd5400,dgm_traveladvisories_country_us__ca4e5e426394cd9bb307477726fd5400
Monaco,monaco,monaco,Country,Country,monaco,,dgm_traveladvisories_country_us,77f09e1229462ba78b6a10825319ba12,dgm_traveladvisories_country_us__77f09e1229462ba78b6a10825319ba12
Mongolia,mongolia,mongolia,Country,Country,mongolia,,dgm_traveladvisories_country_us,f5b7bede50a81a6ed28a82708dcf57f4,dgm_traveladvisories_country_us__f5b7bede50a81a6ed28a82708dcf57f4
Montenegro,montenegro,montenegro,Country,Country,montenegro,,dgm_traveladvisories_country_us,fd1c44addbb563a0740a3beb74fe825d,dgm_traveladvisories_country_us__fd1c44addbb563a0740a3beb74fe825d
Morocco,morocco,morocco,Country,Country,morocco,,dgm_traveladvisories_country_us,217b6e5f0a09f648b648cc3d85d82da5,dgm_traveladvisories_country_us__217b6e5f0a09f648b648cc3d85d82da5
Mozambique,mozambique,mozambique,Country,Country,mozambique,,dgm_traveladvisories_country_us,ae82307ab0196bce148cae466863e4c5,dgm_traveladvisories_country_us__ae82307ab0196bce148cae466863e4c5
Namibia,namibia,namibia,Country,Country,namibia,,dgm_traveladvisories_country_us,deb38882b3f655b79324a860073a0977,dgm_traveladvisories_country_us__deb38882b3f655b79324a860073a0977
Nauru,nauru,nauru,Country,Country,nauru,,dgm_traveladvisories_country_us,c88eee44a87ce3c5b08ccdedf5a0cdef,dgm_traveladvisories_country_us__c88eee44a87ce3c5b08ccdedf5a0cdef
Nepal,nepal,nepal,Country,Country,nepal,,dgm_traveladvisories_country_us,45f1a4b4a2f6bdfa31838a823064389f,dgm_traveladvisories_country_us__45f1a4b4a2f6bdfa31838a823064389f
Netherlands,netherlands,netherlands,Country,Country,netherlands,,dgm_traveladvisories_country_us,6123486432d21179f354b970b501e518,dgm_traveladvisories_country_us__6123486432d21179f354b970b501e518
New Zealand,new zealand,new zealand,Country,Country,new zealand,,dgm_traveladvisories_country_us,ea14e587f5a8de7bf3975099762ce583,dgm_traveladvisories_country_us__ea14e587f5a8de7bf3975099762ce583
Nicaragua,nicaragua,nicaragua,Country,Country,nicaragua,,dgm_traveladvisories_country_us,0043ce23d022d129c73462f7ffe3f805,dgm_traveladvisories_country_us__0043ce23d022d129c73462f7ffe3f805
Nieu,nieu,nieu,Country,Country,nieu,,dgm_traveladvisories_country_us,6d1565121fc5ae46441ac098e78e8247,dgm_traveladvisories_country_us__6d1565121fc5ae46441ac098e78e8247
Niger,niger,niger,Country,Country,niger,,dgm_traveladvisories_country_us,5d45b85e2b53db3e91be18a8b339e947,dgm_traveladvisories_country_us__5d45b85e2b53db3e91be18a8b339e947
Nigeria,nigeria,nigeria,Country,Country,nigeria,,dgm_traveladvisories_country_us,f174114ad69e0db66eff6090be60b5e5,dgm_traveladvisories_country_us__f174114ad69e0db66eff6090be60b5e5
North Korea,north korea,north korea,Country,Country,north korea,,dgm_traveladvisories_country_us,fa4054535dfefe5aa24977dcb4542c37,dgm_traveladvisories_country_us__fa4054535dfefe5aa24977dcb4542c37
Northern Ireland,northern ireland,northern ireland,Country,Country,northern ireland,,dgm_traveladvisories_country_us,35380523e7c007d24db253d1f08c3cbd,dgm_traveladvisories_country_us__35380523e7c007d24db253d1f08c3cbd
Norway,norway,norway,Country,Country,norway,,dgm_traveladvisories_country_us,e6e6854f6b71f43039d3994aca352307,dgm_traveladvisories_country_us__e6e6854f6b71f43039d3994aca352307
Oman,oman,oman,Country,Country,oman,,dgm_traveladvisories_country_us,ad437fd2f44c7b3f8208a162604d81d0,dgm_traveladvisories_country_us__ad437fd2f44c7b3f8208a162604d81d0
Pakistan,pakistan,pakistan,Country,Country,pakistan,,dgm_traveladvisories_country_us,4e075844d2e00e4c800c8c62716bed8c,dgm_traveladvisories_country_us__4e075844d2e00e4c800c8c62716bed8c
Panama,panama,panama,Country,Country,panama,,dgm_traveladvisories_country_us,a0420c052acb3a75b05456fabf9093dc,dgm_traveladvisories_country_us__a0420c052acb3a75b05456fabf9093dc
Papua New Guinea,papua new guinea,papua new guinea,Country,Country,papua new guinea,,dgm_traveladvisories_country_us,57d05594d903f17eb3074a0121860369,dgm_traveladvisories_country_us__57d05594d903f17eb3074a0121860369
Paraguay,paraguay,paraguay,Country,Country,paraguay,,dgm_traveladvisories_country_us,3bafbfd8bf5ecf4c4a1b6e1df1ad8ec6,dgm_traveladvisories_country_us__3bafbfd8bf5ecf4c4a1b6e1df1ad8ec6
Peru,peru,peru,Country,Country,peru,,dgm_traveladvisories_country_us,32e8419a7ecb8f918c70fdadf783e3d8,dgm_traveladvisories_country_us__32e8419a7ecb8f918c70fdadf783e3d8
Philippines,philippines,philippines,Country,Country,philippines,,dgm_traveladvisories_country_us,c894df42aa06fcb0e8e3ff55b71b33fd,dgm_traveladvisories_country_us__c894df42aa06fcb0e8e3ff55b71b33fd
Poland,poland,poland,Country,Country,poland,,dgm_traveladvisories_country_us,6f08c5ddcdd0be06d83aa3e0e3d5a09e,dgm_traveladvisories_country_us__6f08c5ddcdd0be06d83aa3e0e3d5a09e
Portugal,portugal,portugal,Country,Country,portugal,,dgm_traveladvisories_country_us,ae0eea6eb6d63f98da42de867c47a0f8,dgm_traveladvisories_country_us__ae0eea6eb6d63f98da42de867c47a0f8
Qatar,qatar,qatar,Country,Country,qatar,,dgm_traveladvisories_country_us,7d8ca47bbe17ba692ed007c859ba51b1,dgm_traveladvisories_country_us__7d8ca47bbe17ba692ed007c859ba51b1
Romania,romania,romania,Country,Country,romania,,dgm_traveladvisories_country_us,89055f975d7ddbd99646d954daf3cbb5,dgm_traveladvisories_country_us__89055f975d7ddbd99646d954daf3cbb5
Russia,russia,russia,Country,Country,russia,,dgm_traveladvisories_country_us,1c625cc86f824660a320d185916e3c55,dgm_traveladvisories_country_us__1c625cc86f824660a320d185916e3c55
Rwanda,rwanda,rwanda,Country,Country,rwanda,,dgm_traveladvisories_country_us,c04911d0d40595d7f4e574b24e2d0b4c,dgm_traveladvisories_country_us__c04911d0d40595d7f4e574b24e2d0b4c
Saint Kitts-Nevis,saint kitts-nevis,saint kitts-nevis,Country,Country,saint kitts-nevis,,dgm_traveladvisories_country_us,631a141ad299f6ff17587d714da8604b,dgm_traveladvisories_country_us__631a141ad299f6ff17587d714da8604b
Saint Lucia,saint lucia,saint lucia,Country,Country,saint lucia,,dgm_traveladvisories_country_us,4b077a89b5b9a48483ef93d58bc4ef74,dgm_traveladvisories_country_us__4b077a89b5b9a48483ef93d58bc4ef74
Saint Vincent and the Grenadines,saint vincent and the grenadines,saint vincent and the grenadines,Country,Country,saint vincent and the grenadines,,dgm_traveladvisories_country_us,33193ffe1d42b35614b5c2968012ccd0,dgm_traveladvisories_country_us__33193ffe1d42b35614b5c2968012ccd0
San Marino,san marino,san marino,Country,Country,san marino,,dgm_traveladvisories_country_us,d99dd03bfa4e58467f69a58fcbda8746,dgm_traveladvisories_country_us__d99dd03bfa4e58467f69a58fcbda8746
Sao Tomé and Principe,sao tomé and principe,sao tomé and principe,Country,Country,sao tomé and principe,,dgm_traveladvisories_country_us,f2b0f38da23ede2bae65f1ca8d180b2d,dgm_traveladvisories_country_us__f2b0f38da23ede2bae65f1ca8d180b2d
Saudi Arabia,saudi arabia,saudi arabia,Country,Country,saudi arabia,,dgm_traveladvisories_country_us,5318efec44d163ddaa345bfa15279413,dgm_traveladvisories_country_us__5318efec44d163ddaa345bfa15279413
Scotland,scotland,scotland,Country,Country,scotland,,dgm_traveladvisories_country_us,b0ce0b49f97d8a86489af489955d5605,dgm_traveladvisories_country_us__b0ce0b49f97d8a86489af489955d5605
Senegal,senegal,senegal,Country,Country,senegal,,dgm_traveladvisories_country_us,531ba498ac8690f1a72034843b5fd7fd,dgm_traveladvisories_country_us__531ba498ac8690f1a72034843b5fd7fd
Serbia,serbia,serbia,Country,Country,serbia,,dgm_traveladvisories_country_us,a3867434e7dc78acd072dd9558119858,dgm_traveladvisories_country_us__a3867434e7dc78acd072dd9558119858
Seychelles,seychelles,seychelles,Country,Country,seychelles,,dgm_traveladvisories_country_us,5e53ddefcab309fd88e79d7744f6f365,dgm_traveladvisories_country_us__5e53ddefcab309fd88e79d7744f6f365
Sierra Leone,sierra leone,sierra leone,Country,Country,sierra leone,,dgm_traveladvisories_country_us,b628c9a1757c9eeb051dd9f2c10aeace,dgm_traveladvisories_country_us__b628c9a1757c9eeb051dd9f2c10aeace
Slovakia,slovakia,slovakia,Country,Country,slovakia,,dgm_traveladvisories_country_us,f64a398fc678c17687a4c18476bbd3e8,dgm_traveladvisories_country_us__f64a398fc678c17687a4c18476bbd3e8
Slovenia,slovenia,slovenia,Country,Country,slovenia,,dgm_traveladvisories_country_us,7f65809a80ea14772b90e9ffb2053857,dgm_traveladvisories_country_us__7f65809a80ea14772b90e9ffb2053857
Soloman Islands,soloman islands,soloman islands,Country,Country,soloman islands,,dgm_traveladvisories_country_us,467acc09d514e74c88390521dfb4ed4a,dgm_traveladvisories_country_us__467acc09d514e74c88390521dfb4ed4a
Somalia,somalia,somalia,Country,Country,somalia,,dgm_traveladvisories_country_us,391fbc5b5081b1ae00b4faaae91d3a58,dgm_traveladvisories_country_us__391fbc5b5081b1ae00b4faaae91d3a58
South Africa,south africa,south africa,Country,Country,south africa,,dgm_traveladvisories_country_us,c814068bbc9207acd130de362b2d6ddc,dgm_traveladvisories_country_us__c814068bbc9207acd130de362b2d6ddc
South Korea,south korea,south korea,Country,Country,south korea,,dgm_traveladvisories_country_us,3c6cfbc2415aad893733819108cf892c,dgm_traveladvisories_country_us__3c6cfbc2415aad893733819108cf892c
Spain,spain,spain,Country,Country,spain,,dgm_traveladvisories_country_us,1747d4b2dd4bcd666e2df31563d22dbe,dgm_traveladvisories_country_us__1747d4b2dd4bcd666e2df31563d22dbe
Sri Lanka,sri lanka,sri lanka,Country,Country,sri lanka,,dgm_traveladvisories_country_us,8ba5bbdd9e0c11077dbf5a9cc83d1c45,dgm_traveladvisories_country_us__8ba5bbdd9e0c11077dbf5a9cc83d1c45
Sudan,sudan,sudan,Country,Country,sudan,,dgm_traveladvisories_country_us,dfcc27a6f3c9e017ca14cab07e4b3b0c,dgm_traveladvisories_country_us__dfcc27a6f3c9e017ca14cab07e4b3b0c
Surinam,surinam,surinam,Country,Country,surinam,,dgm_traveladvisories_country_us,522b1bd8e3551302ba2a71b0073e5615,dgm_traveladvisories_country_us__522b1bd8e3551302ba2a71b0073e5615
Swaziland,swaziland,swaziland,Country,Country,swaziland,,dgm_traveladvisories_country_us,f91c5d3936f9b69ff10386ddac5a83f4,dgm_traveladvisories_country_us__f91c5d3936f9b69ff10386ddac5a83f4
Sweden,sweden,sweden,Country,Country,sweden,,dgm_traveladvisories_country_us,88e52ee42fd090896f69d0d71e339d94,dgm_traveladvisories_country_us__88e52ee42fd090896f69d0d71e339d94
Switzerland,switzerland,switzerland,Country,Country,switzerland,,dgm_traveladvisories_country_us,0d9c575f4f0260fe0274b318cd6a9e34,dgm_traveladvisories_country_us__0d9c575f4f0260fe0274b318cd6a9e34
Syria,syria,syria,Country,Country,syria,,dgm_traveladvisories_country_us,aae53924404be2c727479aeebd3c8f8d,dgm_traveladvisories_country_us__aae53924404be2c727479aeebd3c8f8d
Tajikistan,tajikistan,tajikistan,Country,Country,tajikistan,,dgm_traveladvisories_country_us,cdfe86e668f700c2f23789470df3743b,dgm_traveladvisories_country_us__cdfe86e668f700c2f23789470df3743b
Tanzania,tanzania,tanzania,Country,Country,tanzania,,dgm_traveladvisories_country_us,ed07875f3aab4eb7076467cb441ba233,dgm_traveladvisories_country_us__ed07875f3aab4eb7076467cb441ba233
Thailand,thailand,thailand,Country,Country,thailand,,dgm_traveladvisories_country_us,8689391a8b93cd2d55ccf3f436eef4e2,dgm_traveladvisories_country_us__8689391a8b93cd2d55ccf3f436eef4e2
Togo,togo,togo,Country,Country,togo,,dgm_traveladvisories_country_us,da6f471bab1662dafc3e6845c312dd5f,dgm_traveladvisories_country_us__da6f471bab1662dafc3e6845c312dd5f
Tonga,tonga,tonga,Country,Country,tonga,,dgm_traveladvisories_country_us,2a08a42db6678fdd393ab41dc657d5a3,dgm_traveladvisories_country_us__2a08a42db6678fdd393ab41dc657d5a3
Trinidad and Tobago,trinidad and tobago,trinidad and tobago,Country,Country,trinidad and tobago,,dgm_traveladvisories_country_us,86fb06da27ba90c75e5edb3e63157e6e,dgm_traveladvisories_country_us__86fb06da27ba90c75e5edb3e63157e6e
Tunisia,tunisia,tunisia,Country,Country,tunisia,,dgm_traveladvisories_country_us,6b07fd4ea837c39e1542e1bbca01a224,dgm_traveladvisories_country_us__6b07fd4ea837c39e1542e1bbca01a224
Turkey,turkey,turkey,Country,Country,turkey,,dgm_traveladvisories_country_us,db77174aa34ded1b6139455a58d0a38b,dgm_traveladvisories_country_us__db77174aa34ded1b6139455a58d0a38b
Turkmenistan,turkmenistan,turkmenistan,Country,Country,turkmenistan,,dgm_traveladvisories_country_us,963f79ea1a99aefb8a7318ee388dcdd9,dgm_traveladvisories_country_us__963f79ea1a99aefb8a7318ee388dcdd9
Tuvalu,tuvalu,tuvalu,Country,Country,tuvalu,,dgm_traveladvisories_country_us,ac0e1f17968ec7ab248ab2c1beab5720,dgm_traveladvisories_country_us__ac0e1f17968ec7ab248ab2c1beab5720
Uganda,uganda,uganda,Country,Country,uganda,,dgm_traveladvisories_country_us,111fa7773cce1023627b584dc8099873,dgm_traveladvisories_country_us__111fa7773cce1023627b584dc8099873
Ukraine,ukraine,ukraine,Country,Country,ukraine,,dgm_traveladvisories_country_us,4b0f1559226dc5c26d97dd4ef788a85a,dgm_traveladvisories_country_us__4b0f1559226dc5c26d97dd4ef788a85a
United Arab Emirates,united arab emirates,united arab emirates,Country,Country,united arab emirates,,dgm_traveladvisories_country_us,8882cbb50c4172662cc0d08a89a4ff29,dgm_traveladvisories_country_us__8882cbb50c4172662cc0d08a89a4ff29
United Kingdom,united kingdom,united kingdom,Country,Country,united kingdom,,dgm_traveladvisories_country_us,9cdc126f68260cbddf3a00a4032f0e7e,dgm_traveladvisories_country_us__9cdc126f68260cbddf3a00a4032f0e7e
United States (learn the states),united states (learn the states),united states (learn the states),Country,Country,united states (learn the states),,dgm_traveladvisories_country_us,5cbe584abfaa8987f25c1f4dad42c08e,dgm_traveladvisories_country_us__5cbe584abfaa8987f25c1f4dad42c08e
Uruguay,uruguay,uruguay,Country,Country,uruguay,,dgm_traveladvisories_country_us,9142ac5b229c9d83163e89bc1f468607,dgm_traveladvisories_country_us__9142ac5b229c9d83163e89bc1f468607
Uzbekistan,uzbekistan,uzbekistan,Country,Country,uzbekistan,,dgm_traveladvisories_country_us,aa1b4b6598e512e8939eaddf9ee8543d,dgm_traveladvisories_country_us__aa1b4b6598e512e8939eaddf9ee8543d
Vanuatu,vanuatu,vanuatu,Country,Country,vanuatu,,dgm_traveladvisories_country_us,d0df5ce5502e665036f444f1b4237f2f,dgm_traveladvisories_country_us__d0df5ce5502e665036f444f1b4237f2f
Vatican,vatican,vatican,Country,Country,vatican,,dgm_traveladvisories_country_us,28d654b9b14454ee012f69d372ad4754,dgm_traveladvisories_country_us__28d654b9b14454ee012f69d372ad4754
Venezuela,venezuela,venezuela,Country,Country,venezuela,,dgm_traveladvisories_country_us,e65a612aab8846b113341efa15bba910,dgm_traveladvisories_country_us__e65a612aab8846b113341efa15bba910
Vietnam,vietnam,vietnam,Country,Country,vietnam,,dgm_traveladvisories_country_us,5f8f9e33bb5e13848af2622b66b2308c,dgm_traveladvisories_country_us__5f8f9e33bb5e13848af2622b66b2308c
Wales,wales,wales,Country,Country,wales,,dgm_traveladvisories_country_us,eea7530d166b6279d2720929639973d1,dgm_traveladvisories_country_us__eea7530d166b6279d2720929639973d1
Western Samoa,western samoa,western samoa,Country,Country,western samoa,,dgm_traveladvisories_country_us,11fc063f1501c930f97d5643c21742a4,dgm_traveladvisories_country_us__11fc063f1501c930f97d5643c21742a4
Yemen,yemen,yemen,Country,Country,yemen,,dgm_traveladvisories_country_us,493e7a99c604de36955b21f24b528249,dgm_traveladvisories_country_us__493e7a99c604de36955b21f24b528249
Yugoslavia,yugoslavia,yugoslavia,Country,Country,yugoslavia,,dgm_traveladvisories_country_us,950ebd5e5210cde05fbeb25de2db1b22,dgm_traveladvisories_country_us__950ebd5e5210cde05fbeb25de2db1b22
Zaire (Congo),zaire (congo),zaire (congo),Country,Country,zaire (congo),,dgm_traveladvisories_country_us,d07cd4f292a68626cc8cd0f309ac4d97,dgm_traveladvisories_country_us__d07cd4f292a68626cc8cd0f309ac4d97
Zambia,zambia,zambia,Country,Country,zambia,,dgm_traveladvisories_country_us,dfa43abd63431f47d6c7d638c49e4267,dgm_traveladvisories_country_us__dfa43abd63431f47d6c7d638c49e4267
Zimbabwe,zimbabwe,zimbabwe,Country,Country,zimbabwe,,dgm_traveladvisories_country_us,f5a65b13e37f89a3ab7c29e319dcda03,dgm_traveladvisories_country_us__f5a65b13e37f89a3ab7c29e319dcda03